{"frames": [

    {
        "filename": "carta.png",
        "frame": {"x":266,"y":398,"w":64,"h":64},
        "rotated": false,
        "trimmed": false,
        "spriteSourceSize": {"x":0,"y":0,"w":64,"h":64},
        "sourceSize": {"w":64,"h":64}
    }],
    "meta": {
        "app": "http://www.codeandweb.com/texturepacker ",
        "version": "1.0",
        "image": "carta.png",
        "format": "RGBA8888",
        "size": {"w":512,"h":512},
        "scale": "1",
        "smartupdate": "$TexturePacker:SmartUpdate:e5b4b12fba470b8ec789ca1bc7d13108:e4f4a916ca759434f4f40b8eb634b7fc:9be8c185d95a5be4a06ec0067a3d8380$"
    }
    }
    